onnx/sat_v83_c140.onnx,vnnlib/sat_v83_c140.vnnlib,100
onnx/unsat_v83_c140.onnx,vnnlib/unsat_v83_c140.vnnlib,100
onnx/sat_v66_c120.onnx,vnnlib/sat_v66_c120.vnnlib,100
onnx/unsat_v66_c120.onnx,vnnlib/unsat_v66_c120.vnnlib,100
onnx/sat_v85_c415.onnx,vnnlib/sat_v85_c415.vnnlib,100
onnx/unsat_v85_c415.onnx,vnnlib/unsat_v85_c415.vnnlib,100
onnx/sat_v91_c222.onnx,vnnlib/sat_v91_c222.vnnlib,100
onnx/unsat_v91_c222.onnx,vnnlib/unsat_v91_c222.vnnlib,100
onnx/sat_v27_c81.onnx,vnnlib/sat_v27_c81.vnnlib,100
onnx/unsat_v27_c81.onnx,vnnlib/unsat_v27_c81.vnnlib,100
onnx/sat_v71_c307.onnx,vnnlib/sat_v71_c307.vnnlib,100
onnx/unsat_v71_c307.onnx,vnnlib/unsat_v71_c307.vnnlib,100
onnx/sat_v49_c104.onnx,vnnlib/sat_v49_c104.vnnlib,100
onnx/unsat_v49_c104.onnx,vnnlib/unsat_v49_c104.vnnlib,100
onnx/sat_v39_c155.onnx,vnnlib/sat_v39_c155.vnnlib,100
onnx/unsat_v39_c155.onnx,vnnlib/unsat_v39_c155.vnnlib,100
onnx/sat_v81_c316.onnx,vnnlib/sat_v81_c316.vnnlib,100
onnx/unsat_v81_c316.onnx,vnnlib/unsat_v81_c316.vnnlib,100
onnx/sat_v68_c204.onnx,vnnlib/sat_v68_c204.vnnlib,100
onnx/unsat_v68_c204.onnx,vnnlib/unsat_v68_c204.vnnlib,100
onnx/sat_v82_c237.onnx,vnnlib/sat_v82_c237.vnnlib,100
onnx/unsat_v82_c237.onnx,vnnlib/unsat_v82_c237.vnnlib,100
onnx/sat_v70_c208.onnx,vnnlib/sat_v70_c208.vnnlib,100
onnx/unsat_v70_c208.onnx,vnnlib/unsat_v70_c208.vnnlib,100
onnx/sat_v50_c146.onnx,vnnlib/sat_v50_c146.vnnlib,100
onnx/unsat_v50_c146.onnx,vnnlib/unsat_v50_c146.vnnlib,100
onnx/sat_v72_c236.onnx,vnnlib/sat_v72_c236.vnnlib,100
onnx/unsat_v72_c236.onnx,vnnlib/unsat_v72_c236.vnnlib,100
onnx/sat_v82_c335.onnx,vnnlib/sat_v82_c335.vnnlib,100
onnx/unsat_v82_c335.onnx,vnnlib/unsat_v82_c335.vnnlib,100
onnx/sat_v2_c2.onnx,vnnlib/sat_v2_c2.vnnlib,100
onnx/unsat_v2_c4.onnx,vnnlib/unsat_v2_c4.vnnlib,100
onnx/sat_v85_c239.onnx,vnnlib/sat_v85_c239.vnnlib,100
onnx/unsat_v85_c239.onnx,vnnlib/unsat_v85_c239.vnnlib,100
onnx/sat_v65_c165.onnx,vnnlib/sat_v65_c165.vnnlib,100
onnx/unsat_v65_c165.onnx,vnnlib/unsat_v65_c165.vnnlib,100
onnx/sat_v4_c5.onnx,vnnlib/sat_v4_c5.vnnlib,100
onnx/unsat_v4_c6.onnx,vnnlib/unsat_v4_c6.vnnlib,100
onnx/sat_v44_c75.onnx,vnnlib/sat_v44_c75.vnnlib,100
onnx/unsat_v44_c75.onnx,vnnlib/unsat_v44_c75.vnnlib,100
onnx/sat_v77_c239.onnx,vnnlib/sat_v77_c239.vnnlib,100
onnx/unsat_v77_c239.onnx,vnnlib/unsat_v77_c239.vnnlib,100
onnx/sat_v24_c58.onnx,vnnlib/sat_v24_c58.vnnlib,100
onnx/unsat_v24_c59.onnx,vnnlib/unsat_v24_c59.vnnlib,100
onnx/sat_v49_c167.onnx,vnnlib/sat_v49_c167.vnnlib,100
onnx/unsat_v49_c167.onnx,vnnlib/unsat_v49_c167.vnnlib,100
onnx/sat_v12_c43.onnx,vnnlib/sat_v12_c43.vnnlib,100
onnx/unsat_v12_c43.onnx,vnnlib/unsat_v12_c43.vnnlib,100
onnx/sat_v41_c83.onnx,vnnlib/sat_v41_c83.vnnlib,100
onnx/unsat_v41_c83.onnx,vnnlib/unsat_v41_c83.vnnlib,100
onnx/sat_v13_c62.onnx,vnnlib/sat_v13_c62.vnnlib,100
onnx/unsat_v13_c62.onnx,vnnlib/unsat_v13_c62.vnnlib,100
onnx/sat_v80_c274.onnx,vnnlib/sat_v80_c274.vnnlib,100
onnx/unsat_v80_c274.onnx,vnnlib/unsat_v80_c274.vnnlib,100
onnx/sat_v50_c79.onnx,vnnlib/sat_v50_c79.vnnlib,100
onnx/unsat_v50_c79.onnx,vnnlib/unsat_v50_c79.vnnlib,100
onnx/sat_v40_c195.onnx,vnnlib/sat_v40_c195.vnnlib,100
onnx/unsat_v40_c195.onnx,vnnlib/unsat_v40_c195.vnnlib,100
onnx/sat_v84_c294.onnx,vnnlib/sat_v84_c294.vnnlib,100
onnx/unsat_v84_c294.onnx,vnnlib/unsat_v84_c294.vnnlib,100
onnx/sat_v64_c157.onnx,vnnlib/sat_v64_c157.vnnlib,100
onnx/unsat_v64_c157.onnx,vnnlib/unsat_v64_c157.vnnlib,100
onnx/sat_v61_c222.onnx,vnnlib/sat_v61_c222.vnnlib,100
onnx/unsat_v61_c222.onnx,vnnlib/unsat_v61_c222.vnnlib,100
onnx/sat_v55_c134.onnx,vnnlib/sat_v55_c134.vnnlib,100
onnx/unsat_v55_c134.onnx,vnnlib/unsat_v55_c134.vnnlib,100
onnx/sat_v46_c128.onnx,vnnlib/sat_v46_c128.vnnlib,100
onnx/unsat_v46_c128.onnx,vnnlib/unsat_v46_c128.vnnlib,100
onnx/sat_v29_c77.onnx,vnnlib/sat_v29_c77.vnnlib,100
onnx/unsat_v29_c77.onnx,vnnlib/unsat_v29_c77.vnnlib,100
onnx/sat_v82_c277.onnx,vnnlib/sat_v82_c277.vnnlib,100
onnx/unsat_v82_c277.onnx,vnnlib/unsat_v82_c277.vnnlib,100
onnx/sat_v23_c77.onnx,vnnlib/sat_v23_c77.vnnlib,100
onnx/unsat_v23_c77.onnx,vnnlib/unsat_v23_c77.vnnlib,100
onnx/sat_v77_c320.onnx,vnnlib/sat_v77_c320.vnnlib,100
onnx/unsat_v77_c320.onnx,vnnlib/unsat_v77_c320.vnnlib,100
onnx/sat_v59_c195.onnx,vnnlib/sat_v59_c195.vnnlib,100
onnx/unsat_v59_c195.onnx,vnnlib/unsat_v59_c195.vnnlib,100
onnx/sat_v66_c105.onnx,vnnlib/sat_v66_c105.vnnlib,100
onnx/unsat_v66_c105.onnx,vnnlib/unsat_v66_c105.vnnlib,100
onnx/sat_v36_c104.onnx,vnnlib/sat_v36_c104.vnnlib,100
onnx/unsat_v36_c104.onnx,vnnlib/unsat_v36_c104.vnnlib,100
onnx/sat_v75_c203.onnx,vnnlib/sat_v75_c203.vnnlib,100
onnx/unsat_v75_c203.onnx,vnnlib/unsat_v75_c203.vnnlib,100
onnx/sat_v30_c39.onnx,vnnlib/sat_v30_c39.vnnlib,100
onnx/unsat_v30_c39.onnx,vnnlib/unsat_v30_c39.vnnlib,100
onnx/sat_v22_c103.onnx,vnnlib/sat_v22_c103.vnnlib,100
onnx/unsat_v22_c103.onnx,vnnlib/unsat_v22_c103.vnnlib,100
onnx/sat_v32_c61.onnx,vnnlib/sat_v32_c61.vnnlib,100
onnx/unsat_v32_c61.onnx,vnnlib/unsat_v32_c61.vnnlib,100
onnx/sat_v65_c142.onnx,vnnlib/sat_v65_c142.vnnlib,100
onnx/unsat_v65_c142.onnx,vnnlib/unsat_v65_c142.vnnlib,100
onnx/sat_v72_c131.onnx,vnnlib/sat_v72_c131.vnnlib,100
onnx/unsat_v72_c131.onnx,vnnlib/unsat_v72_c131.vnnlib,100
onnx/sat_v36_c128.onnx,vnnlib/sat_v36_c128.vnnlib,100
onnx/unsat_v36_c128.onnx,vnnlib/unsat_v36_c128.vnnlib,100
onnx/sat_v3_c9.onnx,vnnlib/sat_v3_c9.vnnlib,100
onnx/unsat_v3_c8.onnx,vnnlib/unsat_v3_c8.vnnlib,100
onnx/sat_v29_c93.onnx,vnnlib/sat_v29_c93.vnnlib,100
onnx/unsat_v29_c93.onnx,vnnlib/unsat_v29_c93.vnnlib,100
